{
    "rf_regression": {
        "MAE": 0.5521914019310136,
        "RMSE": 4.5498130635752085,
        "R2_Score": 0.6504239293547811
    },
    "ridge_regression": {
        "MAE": 1.1875921555975524,
        "RMSE": 6.254191204717556,
        "R2_Score": 0.3394633816595063
    }
}